BEA,T1,O1,12-12-12-5-4,-1462.533633,-1458.740431,-3.793202,,15.3,5.95,5.95,5.95,20.52,12-12-12-6-5-5-5-4-4,12-12-12-12-6-6-6-6-6-6-5-5-5-5-5-5-4-4-4
BEA,T1,O2,5-5-4,-1462.616433,-1458.740431,-3.876002,-0.082800,15.3,5.95,5.95,5.95,20.52,12-12-12-6-5-5-5-4-4,12-12-12-12-6-6-6-6-6-6-5-5-5-5-5-5-4-4-4
BEA,T1,O3,12-12-12-12-6-5-5,-1462.487597,-1458.740431,-3.747166,0.128836,15.3,5.95,5.95,5.95,20.52,12-12-12-6-5-5-5-4-4,12-12-12-12-6-6-6-6-6-6-5-5-5-5-5-5-4-4-4
BEA,T1,O4,6-5-4-4,-1462.457797,-1458.740431,-3.717366,0.029800,15.3,5.95,5.95,5.95,20.52,12-12-12-6-5-5-5-4-4,12-12-12-12-6-6-6-6-6-6-5-5-5-5-5-5-4-4-4
BEA,T2,O4,6-5-4-4,-1462.435691,-1458.787077,-3.648614,0.068752,15.3,5.95,5.95,5.95,20.52,12-12-12-6-5-5-5-4-4,12-12-12-12-6-6-6-6-6-6-5-5-5-5-5-5-4-4-4
BEA,T2,O5,12-12-12-12-12-12-5-4,-1462.565599,-1458.787077,-3.778522,-0.129908,15.3,5.95,5.95,5.95,20.52,12-12-12-6-5-5-5-4-4,12-12-12-12-6-6-6-6-6-6-5-5-5-5-5-5-4-4-4
BEA,T2,O6,5-5-4,-1462.641384,-1458.787077,-3.854307,-0.075785,15.3,5.95,5.95,5.95,20.52,12-12-12-6-5-5-5-4-4,12-12-12-12-6-6-6-6-6-6-5-5-5-5-5-5-4-4-4
BEA,T2,O7,12-12-12-12-12-12-12-6-5-5,-1462.546815,-1458.787077,-3.759738,0.094569,15.3,5.95,5.95,5.95,20.52,12-12-12-6-5-5-5-4-4,12-12-12-12-6-6-6-6-6-6-5-5-5-5-5-5-4-4-4
BEA,T3,O1,12-12-12-5-4,-1462.589958,-1458.814392,-3.775566,-0.015828,15.3,5.95,5.95,5.95,20.52,12-12-12-12-6-6-5-5-4-4,12-12-12-12-6-6-6-6-6-6-5-5-5-5-5-5-4-4-4
BEA,T3,O10,12-6-5-4,-1462.635320,-1458.814392,-3.820928,-0.045362,15.3,5.95,5.95,5.95,20.52,12-12-12-12-6-6-5-5-4-4,12-12-12-12-6-6-6-6-6-6-5-5-5-5-5-5-4-4-4
BEA,T3,O8,12-12-12-12-6-6-5,-1462.523182,-1458.814392,-3.708790,0.112138,15.3,5.95,5.95,5.95,20.52,12-12-12-12-6-6-5-5-4-4,12-12-12-12-6-6-6-6-6-6-5-5-5-5-5-5-4-4-4
BEA,T3,O9,6-5-4-4,-1462.541721,-1458.814392,-3.727329,-0.018539,15.3,5.95,5.95,5.95,20.52,12-12-12-12-6-6-5-5-4-4,12-12-12-12-6-6-6-6-6-6-5-5-5-5-5-5-4-4-4
BEA,T4,O11,12-12-12-12-12-12-12-6-6-5,-1462.537703,-1458.818513,-3.719190,0.008139,15.3,5.95,5.95,5.95,20.52,12-12-12-12-6-6-5-5-4-4,12-12-12-12-6-6-6-6-6-6-5-5-5-5-5-5-4-4-4
BEA,T4,O12,12-6-5-4,-1462.649451,-1458.818513,-3.830938,-0.111748,15.3,5.95,5.95,5.95,20.52,12-12-12-12-6-6-5-5-4-4,12-12-12-12-6-6-6-6-6-6-5-5-5-5-5-5-4-4-4
BEA,T4,O5,12-12-12-12-12-12-5-4,-1462.547439,-1458.818513,-3.728926,0.102012,15.3,5.95,5.95,5.95,20.52,12-12-12-12-6-6-5-5-4-4,12-12-12-12-6-6-6-6-6-6-5-5-5-5-5-5-4-4-4
BEA,T4,O9,6-5-4-4,-1462.474062,-1458.818513,-3.655549,0.073377,15.3,5.95,5.95,5.95,20.52,12-12-12-12-6-6-5-5-4-4,12-12-12-12-6-6-6-6-6-6-5-5-5-5-5-5-4-4-4
BEA,T5,O10,12-6-5-4,-1462.658566,-1458.899948,-3.758618,-0.103069,15.3,5.95,5.95,5.95,20.52,6-6-6-6-6-5-5-5-5-5-4,12-12-12-12-6-6-6-6-6-6-5-5-5-5-5-5-4-4-4
BEA,T5,O13,6-6-5-5-5,-1462.730614,-1458.899948,-3.830666,-0.072048,15.3,5.95,5.95,5.95,20.52,6-6-6-6-6-5-5-5-5-5-4,12-12-12-12-6-6-6-6-6-6-5-5-5-5-5-5-4-4-4
BEA,T5,O14,5-5-4,-1462.485753,-1458.899948,-3.585805,0.244861,15.3,5.95,5.95,5.95,20.52,6-6-6-6-6-5-5-5-5-5-4,12-12-12-12-6-6-6-6-6-6-5-5-5-5-5-5-4-4-4
BEA,T5,O15,6-5-5-5-5,-1462.649263,-1458.899948,-3.749315,-0.163510,15.3,5.95,5.95,5.95,20.52,6-6-6-6-6-5-5-5-5-5-4,12-12-12-12-6-6-6-6-6-6-5-5-5-5-5-5-4-4-4
BEA,T6,O12,12-6-5-4,-1462.661339,-1458.946374,-3.714965,0.034350,15.3,5.95,5.95,5.95,20.52,6-6-6-6-6-5-5-5-5-5-4,12-12-12-12-6-6-6-6-6-6-5-5-5-5-5-5-4-4-4
BEA,T6,O14,5-5-4,-1462.503659,-1458.946374,-3.557285,0.157680,15.3,5.95,5.95,5.95,20.52,6-6-6-6-6-5-5-5-5-5-4,12-12-12-12-6-6-6-6-6-6-5-5-5-5-5-5-4-4-4
BEA,T6,O16,6-5-5-5,-1462.709593,-1458.946374,-3.763219,-0.205934,15.3,5.95,5.95,5.95,20.52,6-6-6-6-6-5-5-5-5-5-4,12-12-12-12-6-6-6-6-6-6-5-5-5-5-5-5-4-4-4
BEA,T6,O17,6-5-5-5-5,-1462.656804,-1458.946374,-3.710430,0.052789,15.3,5.95,5.95,5.95,20.52,6-6-6-6-6-5-5-5-5-5-4,12-12-12-12-6-6-6-6-6-6-5-5-5-5-5-5-4-4-4
BEA,T7,O13,6-6-5-5-5,-1462.568661,-1458.798092,-3.770569,-0.060139,15.3,5.95,5.95,5.95,20.52,12-12-12-6-6-6-5-5-5-5-5,12-12-12-12-6-6-6-6-6-6-5-5-5-5-5-5-4-4-4
BEA,T7,O17,6-5-5-5-5,-1462.495785,-1458.798092,-3.697693,0.072876,15.3,5.95,5.95,5.95,20.52,12-12-12-6-6-6-5-5-5-5-5,12-12-12-12-6-6-6-6-6-6-5-5-5-5-5-5-4-4-4
BEA,T7,O7,12-12-12-12-12-12-12-5-5,-1462.517183,-1458.798092,-3.719091,-0.021398,15.3,5.95,5.95,5.95,20.52,12-12-12-6-6-6-5-5-5-5-5,12-12-12-12-6-6-6-6-6-6-5-5-5-5-5-5-4-4-4
BEA,T7,O8,12-12-12-12-6-6-5,-1462.545197,-1458.798092,-3.747105,-0.028014,15.3,5.95,5.95,5.95,20.52,12-12-12-6-6-6-5-5-5-5-5,12-12-12-12-6-6-6-6-6-6-5-5-5-5-5-5-4-4-4
BEA,T8,O11,12-12-12-12-12-12-12-6-6-5,-1462.587683,-1458.809534,-3.778149,-0.031044,15.3,5.95,5.95,5.95,20.52,12-12-12-6-6-6-6-5-5-5-5,12-12-12-12-6-6-6-6-6-6-5-5-5-5-5-5-4-4-4
BEA,T8,O16,6-5-5-5,-1462.635804,-1458.809534,-3.826270,-0.048121,15.3,5.95,5.95,5.95,20.52,12-12-12-6-6-6-6-5-5-5-5,12-12-12-12-6-6-6-6-6-6-5-5-5-5-5-5-4-4-4
BEA,T9,O15,6-5-5-5-5,-1462.488512,-1458.742217,-3.746295,0.079975,15.3,5.95,5.95,5.95,20.52,12-12-12-6-6-5-5-5-5-5-5,12-12-12-12-6-6-6-6-6-6-5-5-5-5-5-5-4-4-4
BEA,T9,O3,12-12-12-12-5-5,-1462.561036,-1458.742217,-3.818819,-0.072524,15.3,5.95,5.95,5.95,20.52,12-12-12-6-6-5-5-5-5-5-5,12-12-12-12-6-6-6-6-6-6-5-5-5-5-5-5-4-4-4
CHA,T1,O1,6-4-4,-823.999531,-820.487589,-3.511942,0.306877,15.1,3.72,3.72,3.72,17.27,8-8-6-4-4-4,8-6-4
CHA,T1,O2,8-8-4,-823.981215,-820.487589,-3.493626,0.018316,15.1,3.72,3.72,3.72,17.27,8-8-6-4-4-4,8-6-4
CHA,T1,O3,8-6-4,-824.023078,-820.487589,-3.535489,-0.041863,15.1,3.72,3.72,3.72,17.27,8-8-6-4-4-4,8-6-4
CHA,T1,O4,8-4-4,-824.053152,-820.487589,-3.565563,-0.030074,15.1,3.72,3.72,3.72,17.27,8-8-6-4-4-4,8-6-4
FAU,T1,O1,12-4-4,-4383.780078,-4380.629458,-3.150620,0.414943,13.3,7.35,7.35,7.35,27.42,12-6-6-4-4-4,12-6-4
FAU,T1,O2,6-4-4,-4383.780078,-4380.629458,-3.150620,0.000000,13.3,7.35,7.35,7.35,27.42,12-6-6-4-4-4,12-6-4
FAU,T1,O3,6-6-4,-4383.688219,-4380.629458,-3.058761,0.091859,13.3,7.35,7.35,7.35,27.42,12-6-6-4-4-4,12-6-4
FAU,T1,O4,12-6-4,-4383.715642,-4380.629458,-3.086184,-0.027423,13.3,7.35,7.35,7.35,27.42,12-6-6-4-4-4,12-6-4
FER,T1,O1,10-10-6-5-5-5,-1646.853915,-1642.340500,-4.513415,-1.427231,17.6,1.56,3.4,4.69,10.01,10-8-6-6-6-6-6-5-5-5-5-5-5,10-10-10-8-6-6-6-6-5-5-5-5
FER,T1,O2,10-10-8-5-5-5,-1646.897312,-1642.340500,-4.556812,-0.043397,17.6,1.56,3.4,4.69,10.01,10-8-6-6-6-6-6-5-5-5-5-5-5,10-10-10-8-6-6-6-6-5-5-5-5
FER,T1,O3,8-6-5-5,-1646.830732,-1642.340500,-4.490232,0.066580,17.6,1.56,3.4,4.69,10.01,10-8-6-6-6-6-6-5-5-5-5-5-5,10-10-10-8-6-6-6-6-5-5-5-5
FER,T1,O4,5-5-5-5,-1646.749858,-1642.340500,-4.409358,0.080874,17.6,1.56,3.4,4.69,10.01,10-8-6-6-6-6-6-5-5-5-5-5-5,10-10-10-8-6-6-6-6-5-5-5-5
FER,T2,O2,10-10-8-5-5-5,-1646.925453,-1642.348048,-4.577405,-0.168047,17.6,1.56,3.4,4.69,10.01,10-8-8-6-6-6-5-5-5-5,10-10-10-8-6-6-6-6-5-5-5-5
FER,T2,O5,6-5-5,-1646.606947,-1642.348048,-4.258899,0.318506,17.6,1.56,3.4,4.69,10.01,10-8-8-6-6-6-5-5-5-5,10-10-10-8-6-6-6-6-5-5-5-5
FER,T2,O6,10-10-10-10-8-8-6,-1646.749314,-1642.348048,-4.401266,-0.142367,17.6,1.56,3.4,4.69,10.01,10-8-8-6-6-6-5-5-5-5,10-10-10-8-6-6-6-6-5-5-5-5
FER,T3,O1,10-10-6-5-5-5,-1646.929850,-1642.378651,-4.551199,-0.149933,17.6,1.56,3.4,4.69,10.01,10-10-6-6-6-5-5-5-5-5-5,10-10-10-8-6-6-6-6-5-5-5-5
FER,T3,O7,5-5-5-5,-1646.682293,-1642.378651,-4.303642,0.247557,17.6,1.56,3.4,4.69,10.01,10-10-6-6-6-5-5-5-5-5-5,10-10-10-8-6-6-6-6-5-5-5-5
FER,T3,O8,8-8-5-5,-1646.595077,-1642.378651,-4.216426,0.087216,17.6,1.56,3.4,4.69,10.01,10-10-6-6-6-5-5-5-5-5-5,10-10-10-8-6-6-6-6-5-5-5-5
FER,T4,O5,6-5-5,-1646.703296,-1642.093561,-4.609735,-0.393309,17.6,1.56,3.4,4.69,10.01,6-6-6-6-6-5-5-5-5-5-5,10-10-10-8-6-6-6-6-5-5-5-5
FER,T4,O7,5-5-5-5,-1646.702843,-1642.093561,-4.609282,0.000453,17.6,1.56,3.4,4.69,10.01,6-6-6-6-6-5-5-5-5-5-5,10-10-10-8-6-6-6-6-5-5-5-5
MFI,T1,O1,10-10-10-5-5-5,-2193.788609,-2189.242489,-4.546120,0.063162,18.4,4.7,4.46,4.46,9.81,10-10-10-10-6-6-6-6-5-5-5-5-5,10-10-10-10-10-10-6-6-6-6-6-6-6-6-6-6-6-6-6-5-5-5-5-5-5-5-5-5-5-5-4
MFI,T1,O15,10-10-5-5,-2193.909485,-2189.242489,-4.666996,-0.120876,18.4,4.7,4.46,4.46,9.81,10-10-10-10-6-6-6-6-5-5-5-5-5,10-10-10-10-10-10-6-6-6-6-6-6-6-6-6-6-6-6-6-5-5-5-5-5-5-5-5-5-5-5-4
MFI,T1,O16,5-5-5-5,-2193.723228,-2189.242489,-4.480739,0.186257,18.4,4.7,4.46,4.46,9.81,10-10-10-10-6-6-6-6-5-5-5-5-5,10-10-10-10-10-10-6-6-6-6-6-6-6-6-6-6-6-6-6-5-5-5-5-5-5-5-5-5-5-5-4
MFI,T1,O21,10-10-10-10-10-6-5,-2193.879788,-2189.242489,-4.637299,-0.156560,18.4,4.7,4.46,4.46,9.81,10-10-10-10-6-6-6-6-5-5-5-5-5,10-10-10-10-10-10-6-6-6-6-6-6-6-6-6-6-6-6-6-5-5-5-5-5-5-5-5-5-5-5-4
MFI,T10,O10,10-6-5-5,-2193.945257,-2189.230619,-4.714638,-0.077339,18.4,4.7,4.46,4.46,9.81,10-10-6-6-6-6-5-5-5-4,10-10-10-10-10-10-6-6-6-6-6-6-6-6-6-6-6-6-6-5-5-5-5-5-5-5-5-5-5-5-4
MFI,T10,O15,10-10-5-5,-2193.880400,-2189.230619,-4.649781,0.064857,18.4,4.7,4.46,4.46,9.81,10-10-6-6-6-6-5-5-5-4,10-10-10-10-10-10-6-6-6-6-6-6-6-6-6-6-6-6-6-5-5-5-5-5-5-5-5-5-5-5-4
MFI,T10,O26,10-10-6-4,-2193.876022,-2189.230619,-4.645403,0.004378,18.4,4.7,4.46,4.46,9.81,10-10-6-6-6-6-5-5-5-4,10-10-10-10-10-10-6-6-6-6-6-6-6-6-6-6-6-6-6-5-5-5-5-5-5-5-5-5-5-5-4
MFI,T10,O9,5-5-4,-2193.666226,-2189.230619,-4.435607,0.209796,18.4,4.7,4.46,4.46,9.81,10-10-6-6-6-6-5-5-5-4,10-10-10-10-10-10-6-6-6-6-6-6-6-6-6-6-6-6-6-5-5-5-5-5-5-5-5-5-5-5-4
MFI,T11,O10,10-6-5-5,-2193.943750,-2189.277700,-4.666050,-0.230443,18.4,4.7,4.46,4.46,9.81,10-6-6-6-6-6-6-5-5-5-5,10-10-10-10-10-10-6-6-6-6-6-6-6-6-6-6-6-6-6-5-5-5-5-5-5-5-5-5-5-5-4
MFI,T11,O11,10-10-6-6-5-5,-2193.880273,-2189.277700,-4.602573,0.063477,18.4,4.7,4.46,4.46,9.81,10-6-6-6-6-6-6-5-5-5-5,10-10-10-10-10-10-6-6-6-6-6-6-6-6-6-6-6-6-6-5-5-5-5-5-5-5-5-5-5-5-4
MFI,T11,O14,6-5-5-5,-2193.787091,-2189.277700,-4.509391,0.093182,18.4,4.7,4.46,4.46,9.81,10-6-6-6-6-6-6-5-5-5-5,10-10-10-10-10-10-6-6-6-6-6-6-6-6-6-6-6-6-6-5-5-5-5-5-5-5-5-5-5-5-4
MFI,T11,O22,10-10-6-6-5,-2193.826709,-2189.277700,-4.549009,-0.039618,18.4,4.7,4.46,4.46,9.81,10-6-6-6-6-6-6-5-5-5-5,10-10-10-10-10-10-6-6-6-6-6-6-6-6-6-6-6-6-6-5-5-5-5-5-5-5-5-5-5-5-4
MFI,T12,O11,10-6-6-5-5,-2193.949963,-2189.327902,-4.622061,-0.073052,18.4,4.7,4.46,4.46,9.81,10-10-10-6-6-6-6-6-5-5-5-5,10-10-10-10-10-10-6-6-6-6-6-6-6-6-6-6-6-6-6-5-5-5-5-5-5-5-5-5-5-5-4
MFI,T12,O12,6-6-5-5-5,-2193.888744,-2189.327902,-4.560842,0.061219,18.4,4.7,4.46,4.46,9.81,10-10-10-6-6-6-6-6-5-5-5-5,10-10-10-10-10-10-6-6-6-6-6-6-6-6-6-6-6-6-6-5-5-5-5-5-5-5-5-5-5-5-4
MFI,T12,O20,10-10-5-5-5,-2193.936949,-2189.327902,-4.609047,-0.048205,18.4,4.7,4.46,4.46,9.81,10-10-10-6-6-6-6-6-5-5-5-5,10-10-10-10-10-10-6-6-6-6-6-6-6-6-6-6-6-6-6-5-5-5-5-5-5-5-5-5-5-5-4
MFI,T12,O24,10-10-10-6-6-6,-2193.883453,-2189.327902,-4.555551,0.053496,18.4,4.7,4.46,4.46,9.81,10-10-10-6-6-6-6-6-5-5-5-5,10-10-10-10-10-10-6-6-6-6-6-6-6-6-6-6-6-6-6-5-5-5-5-5-5-5-5-5-5-5-4
MFI,T2,O1,10-10-10-5-5-5,-2193.833697,-2189.263979,-4.569718,-0.014167,18.4,4.7,4.46,4.46,9.81,10-10-10-6-6-6-6-5-5-5-5-5-5,10-10-10-10-10-10-6-6-6-6-6-6-6-6-6-6-6-6-6-5-5-5-5-5-5-5-5-5-5-5-4
MFI,T2,O13,5-5-5,-2193.535231,-2189.263979,-4.271252,0.298466,18.4,4.7,4.46,4.46,9.81,10-10-10-6-6-6-6-5-5-5-5-5-5,10-10-10-10-10-10-6-6-6-6-6-6-6-6-6-6-6-6-6-5-5-5-5-5-5-5-5-5-5-5-4
MFI,T2,O2,10-10-10-5-5,-2193.925294,-2189.263979,-4.661315,-0.390063,18.4,4.7,4.46,4.46,9.81,10-10-10-6-6-6-6-5-5-5-5-5-5,10-10-10-10-10-10-6-6-6-6-6-6-6-6-6-6-6-6-6-5-5-5-5-5-5-5-5-5-5-5-4
MFI,T2,O6,6-5-5-5-5,-2193.963586,-2189.263979,-4.699607,-0.038292,18.4,4.7,4.46,4.46,9.81,10-10-10-6-6-6-6-5-5-5-5-5-5,10-10-10-10-10-10-6-6-6-6-6-6-6-6-6-6-6-6-6-5-5-5-5-5-5-5-5-5-5-5-4
MFI,T3,O19,6-5-5-5-5,-2194.027638,-2189.291929,-4.735709,-0.036102,18.4,4.7,4.46,4.46,9.81,10-10-10-6-6-6-5-5-5-5-5-5,10-10-10-10-10-10-6-6-6-6-6-6-6-6-6-6-6-6-6-5-5-5-5-5-5-5-5-5-5-5-4
MFI,T3,O2,10-10-10-5-5,-2193.940586,-2189.291929,-4.648657,0.087052,18.4,4.7,4.46,4.46,9.81,10-10-10-6-6-6-5-5-5-5-5-5,10-10-10-10-10-10-6-6-6-6-6-6-6-6-6-6-6-6-6-5-5-5-5-5-5-5-5-5-5-5-4
MFI,T3,O20,10-10-5-5-5,-2193.959987,-2189.291929,-4.668058,-0.019401,18.4,4.7,4.46,4.46,9.81,10-10-10-6-6-6-5-5-5-5-5-5,10-10-10-10-10-10-6-6-6-6-6-6-6-6-6-6-6-6-6-5-5-5-5-5-5-5-5-5-5-5-4
MFI,T3,O3,5-5-5,-2193.732088,-2189.291929,-4.440159,0.227899,18.4,4.7,4.46,4.46,9.81,10-10-10-6-6-6-5-5-5-5-5-5,10-10-10-10-10-10-6-6-6-6-6-6-6-6-6-6-6-6-6-5-5-5-5-5-5-5-5-5-5-5-4
MFI,T4,O16,5-5-5-5,-2193.829030,-2189.348529,-4.480501,-0.040342,18.4,4.7,4.46,4.46,9.81,10-6-6-6-6-6-5-5-5-5-5-5,10-10-10-10-10-10-6-6-6-6-6-6-6-6-6-6-6-6-6-5-5-5-5-5-5-5-5-5-5-5-4
MFI,T4,O17,10-5-5-5,-2194.080931,-2189.348529,-4.732402,-0.251901,18.4,4.7,4.46,4.46,9.81,10-6-6-6-6-6-5-5-5-5-5-5,10-10-10-10-10-10-6-6-6-6-6-6-6-6-6-6-6-6-6-5-5-5-5-5-5-5-5-5-5-5-4
MFI,T4,O3,5-5-5,-2193.714112,-2189.348529,-4.365583,0.366819,18.4,4.7,4.46,4.46,9.81,10-6-6-6-6-6-5-5-5-5-5-5,10-10-10-10-10-10-6-6-6-6-6-6-6-6-6-6-6-6-6-5-5-5-5-5-5-5-5-5-5-5-4
MFI,T4,O4,10-10-5-5,-2193.973337,-2189.348529,-4.624808,-0.259225,18.4,4.7,4.46,4.46,9.81,10-6-6-6-6-6-5-5-5-5-5-5,10-10-10-10-10-10-6-6-6-6-6-6-6-6-6-6-6-6-6-5-5-5-5-5-5-5-5-5-5-5-4
MFI,T5,O14,6-5-5-5,-2193.778266,-2189.211466,-4.566800,0.058008,18.4,4.7,4.46,4.46,9.81,10-10-10-10-6-6-6-6-5-5-5-5,10-10-10-10-10-10-6-6-6-6-6-6-6-6-6-6-6-6-6-5-5-5-5-5-5-5-5-5-5-5-4
MFI,T5,O21,10-10-10-10-6-5,-2193.820854,-2189.211466,-4.609388,-0.042588,18.4,4.7,4.46,4.46,9.81,10-10-10-10-6-6-6-6-5-5-5-5,10-10-10-10-10-10-6-6-6-6-6-6-6-6-6-6-6-6-6-5-5-5-5-5-5-5-5-5-5-5-4
MFI,T5,O4,10-10-5-5,-2193.836279,-2189.211466,-4.624813,-0.015425,18.4,4.7,4.46,4.46,9.81,10-10-10-10-6-6-6-6-5-5-5-5,10-10-10-10-10-10-6-6-6-6-6-6-6-6-6-6-6-6-6-5-5-5-5-5-5-5-5-5-5-5-4
MFI,T5,O5,10-10-10-10-5-5,-2193.915717,-2189.211466,-4.704251,-0.079438,18.4,4.7,4.46,4.46,9.81,10-10-10-10-6-6-6-6-5-5-5-5,10-10-10-10-10-10-6-6-6-6-6-6-6-6-6-6-6-6-6-5-5-5-5-5-5-5-5-5-5-5-4
MFI,T6,O18,10-10-10-6-5-5,-2193.829912,-2189.173825,-4.656087,0.048164,18.4,4.7,4.46,4.46,9.81,10-10-10-6-6-5-5-5-5-5-5,10-10-10-10-10-10-6-6-6-6-6-6-6-6-6-6-6-6-6-5-5-5-5-5-5-5-5-5-5-5-4
MFI,T6,O19,6-5-5-5-5,-2193.865025,-2189.173825,-4.691200,-0.035113,18.4,4.7,4.46,4.46,9.81,10-10-10-6-6-5-5-5-5-5-5,10-10-10-10-10-10-6-6-6-6-6-6-6-6-6-6-6-6-6-5-5-5-5-5-5-5-5-5-5-5-4
MFI,T6,O5,10-10-10-10-6-5-5,-2193.921544,-2189.173825,-4.747719,-0.056519,18.4,4.7,4.46,4.46,9.81,10-10-10-6-6-5-5-5-5-5-5,10-10-10-10-10-10-6-6-6-6-6-6-6-6-6-6-6-6-6-5-5-5-5-5-5-5-5-5-5-5-4
MFI,T6,O6,5-5-5-5,-2193.909425,-2189.173825,-4.735600,0.012119,18.4,4.7,4.46,4.46,9.81,10-10-10-6-6-5-5-5-5-5-5,10-10-10-10-10-10-6-6-6-6-6-6-6-6-6-6-6-6-6-5-5-5-5-5-5-5-5-5-5-5-4
MFI,T7,O17,10-5-5-5,-2193.958468,-2189.201090,-4.757378,,18.4,4.7,4.46,4.46,9.81,10-10-6-6-6-6-6-6-5-5-5,10-10-10-10-10-10-6-6-6-6-6-6-6-6-6-6-6-6-6-5-5-5-5-5-5-5-5-5-5-5-4
MFI,T7,O22,10-10-6-5,-2193.780415,-2189.201090,-4.579325,0.178053,18.4,4.7,4.46,4.46,9.81,10-10-6-6-6-6-6-6-5-5-5,10-10-10-10-10-10-6-6-6-6-6-6-6-6-6-6-6-6-6-5-5-5-5-5-5-5-5-5-5-5-4
MFI,T7,O23,10-6-6-6,-2193.776698,-2189.201090,-4.575608,0.003717,18.4,4.7,4.46,4.46,9.81,10-10-6-6-6-6-6-6-5-5-5,10-10-10-10-10-10-6-6-6-6-6-6-6-6-6-6-6-6-6-5-5-5-5-5-5-5-5-5-5-5-4
MFI,T7,O7,10-10-6-5-5,-2193.930553,-2189.201090,-4.729463,-0.153855,18.4,4.7,4.46,4.46,9.81,10-10-6-6-6-6-6-6-5-5-5,10-10-10-10-10-10-6-6-6-6-6-6-6-6-6-6-6-6-6-5-5-5-5-5-5-5-5-5-5-5-4
MFI,T8,O12,6-6-5-5-5,-2193.643785,-2189.332944,-4.310841,0.418622,18.4,4.7,4.46,4.46,9.81,10-6-6-6-6-6-6-6-5-5-5-5-5,10-10-10-10-10-10-6-6-6-6-6-6-6-6-6-6-6-6-6-5-5-5-5-5-5-5-5-5-5-5-4
MFI,T8,O13,5-5-5,-2193.629023,-2189.332944,-4.296079,0.014762,18.4,4.7,4.46,4.46,9.81,10-6-6-6-6-6-6-6-5-5-5-5-5,10-10-10-10-10-10-6-6-6-6-6-6-6-6-6-6-6-6-6-5-5-5-5-5-5-5-5-5-5-5-4
MFI,T8,O7,10-6-5-5,-2194.015386,-2189.332944,-4.682442,-0.386363,18.4,4.7,4.46,4.46,9.81,10-6-6-6-6-6-6-6-5-5-5-5-5,10-10-10-10-10-10-6-6-6-6-6-6-6-6-6-6-6-6-6-5-5-5-5-5-5-5-5-5-5-5-4
MFI,T8,O8,10-6-6-5-5,-2193.954199,-2189.332944,-4.621255,0.061187,18.4,4.7,4.46,4.46,9.81,10-6-6-6-6-6-6-6-5-5-5-5-5,10-10-10-10-10-10-6-6-6-6-6-6-6-6-6-6-6-6-6-5-5-5-5-5-5-5-5-5-5-5-4
MFI,T9,O18,10-10-10-6-5-5,-2193.843276,-2189.204447,-4.638829,-0.017574,18.4,4.7,4.46,4.46,9.81,10-10-10-10-6-6-6-5-5-5-4,10-10-10-10-10-10-6-6-6-6-6-6-6-6-6-6-6-6-6-5-5-5-5-5-5-5-5-5-5-5-4
MFI,T9,O25,10-10-6-6-4,-2193.846253,-2189.204447,-4.641806,-0.002977,18.4,4.7,4.46,4.46,9.81,10-10-10-10-6-6-6-5-5-5-4,10-10-10-10-10-10-6-6-6-6-6-6-6-6-6-6-6-6-6-5-5-5-5-5-5-5-5-5-5-5-4
MFI,T9,O8,10-6-6-5-5,-2193.853700,-2189.204447,-4.649253,-0.007447,18.4,4.7,4.46,4.46,9.81,10-10-10-10-6-6-6-5-5-5-4,10-10-10-10-10-10-6-6-6-6-6-6-6-6-6-6-6-6-6-5-5-5-5-5-5-5-5-5-5-5-4
MFI,T9,O9,5-5-4,-2193.737947,-2189.204447,-4.533500,0.115753,18.4,4.7,4.46,4.46,9.81,10-10-10-10-6-6-6-5-5-5-4,10-10-10-10-10-10-6-6-6-6-6-6-6-6-6-6-6-6-6-5-5-5-5-5-5-5-5-5-5-5-4
MOR,T1,O1,12-5-5,-2194.905461,-2190.638668,-4.266793,0.266707,17,1.57,2.95,6.45,12.27,12-8-5-5-5-5-5,12-8-8-5-5-5-5-5-4
MOR,T1,O2,8-8-5-5,-2194.895956,-2190.638668,-4.257288,0.009505,17,1.57,2.95,6.45,12.27,12-8-5-5-5-5-5,12-8-8-5-5-5-5-5-4
MOR,T1,O3,8-5-5-5,-2194.864328,-2190.638668,-4.225660,0.031628,17,1.57,2.95,6.45,12.27,12-8-5-5-5-5-5,12-8-8-5-5-5-5-5-4
MOR,T1,O4,12-5-5-5,-2194.966829,-2190.638668,-4.328161,-0.102501,17,1.57,2.95,6.45,12.27,12-8-5-5-5-5-5,12-8-8-5-5-5-5-5-4
MOR,T2,O4,12-5-5-5,-2194.874515,-2190.595140,-4.279375,0.048786,17,1.57,2.95,6.45,12.27,12-8-5-5-5-5-5-5,12-8-8-5-5-5-5-5-4
MOR,T2,O5,8-5-5,-2194.822457,-2190.595140,-4.227317,0.052058,17,1.57,2.95,6.45,12.27,12-8-5-5-5-5-5-5,12-8-8-5-5-5-5-5-4
MOR,T2,O6,5-5-5-5,-2194.661149,-2190.595140,-4.066009,0.161308,17,1.57,2.95,6.45,12.27,12-8-5-5-5-5-5-5,12-8-8-5-5-5-5-5-4
MOR,T2,O7,12-8-5-5-5,-2194.705711,-2190.595140,-4.110571,-0.044562,17,1.57,2.95,6.45,12.27,12-8-5-5-5-5-5-5,12-8-8-5-5-5-5-5-4
MOR,T3,O3,8-5-5-5,-2194.948123,-2190.622904,-4.325219,-0.214648,17,1.57,2.95,6.45,12.27,8-8-8-8-5-5-5-5-4,12-8-8-5-5-5-5-5-4
MOR,T3,O8,8-8-4,-2194.548906,-2190.622904,-3.926002,0.399217,17,1.57,2.95,6.45,12.27,8-8-8-8-5-5-5-5-4,12-8-8-5-5-5-5-5-4
MOR,T3,O9,5-5-4,-2194.725515,-2190.622904,-4.102611,-0.176609,17,1.57,2.95,6.45,12.27,8-8-8-8-5-5-5-5-4,12-8-8-5-5-5-5-5-4
MOR,T4,O10,12-12-8-8-4,-2194.447918,-2190.162223,-4.285695,-0.183084,17,1.57,2.95,6.45,12.27,12-12-8-8-5-5-5-5-4,12-8-8-5-5-5-5-5-4
MOR,T4,O7,12-8-5-5-5,-2194.882759,-2190.162223,-4.720536,-0.434841,17,1.57,2.95,6.45,12.27,12-12-8-8-5-5-5-5-4,12-8-8-5-5-5-5-5-4
MOR,T4,O9,5-5-4,-2194.633263,-2190.162223,-4.47104,0.249496,17,1.57,2.95,6.45,12.27,12-12-8-8-5-5-5-5-4,12-8-8-5-5-5-5-5-4